date,년월,품목,그룹,레벨,수출액_억불,YoY_증감률_pct
2015-01-01,2015-01,개별소자,개별소자,대분류,1.3,-5.4
2015-01-01,2015-01,디스플레이 패널,디스플레이,별도,26.6,-90.3
2015-01-01,2015-01,메모리,메모리,대분류,28.3,17.6
2015-01-01,2015-01,메모리 D램,메모리,세부,18.6,32.8
2015-01-01,2015-01,메모리 MCP,메모리,세부,6.7,-1.7
2015-01-01,2015-01,메모리 낸드,메모리,세부,3.0,-7.4
2015-01-01,2015-01,반도체,반도체 합계,합계,52.6,13.3
2015-01-01,2015-01,시스템 반도체,시스템반도체,대분류,19.1,9.4
2015-02-01,2015-02,개별소자,개별소자,대분류,1.1,-21.0
2015-02-01,2015-02,디스플레이 패널,디스플레이,별도,22.9,-13.6
2015-02-01,2015-02,메모리,메모리,대분류,26.7,15.7
2015-02-01,2015-02,메모리 D램,메모리,세부,17.6,35.5
2015-02-01,2015-02,메모리 MCP,메모리,세부,6.4,-8.2
2015-02-01,2015-02,메모리 낸드,메모리,세부,2.6,-13.4
2015-02-01,2015-02,반도체,반도체 합계,합계,47.6,6.4
2015-02-01,2015-02,시스템 반도체,시스템반도체,대분류,16.4,-2.0
2015-03-01,2015-03,개별소자,개별소자,대분류,1.3,-15.2
2015-03-01,2015-03,디스플레이 패널,디스플레이,별도,26.2,14.3
2015-03-01,2015-03,메모리,메모리,대분류,27.7,1.8
2015-03-01,2015-03,메모리 D램,메모리,세부,17.3,9.1
2015-03-01,2015-03,메모리 MCP,메모리,세부,8.2,-0.8
2015-03-01,2015-03,메모리 낸드,메모리,세부,2.1,-28.3
2015-03-01,2015-03,반도체,반도체 합계,합계,53.9,2.9
2015-03-01,2015-03,시스템 반도체,시스템반도체,대분류,20.9,7.1
2015-04-01,2015-04,개별소자,개별소자,대분류,1.3,-18.7
2015-04-01,2015-04,디스플레이 패널,디스플레이,별도,26.9,2.4
2015-04-01,2015-04,메모리,메모리,대분류,26.9,4.6
2015-04-01,2015-04,메모리 D램,메모리,세부,16.1,10.8
2015-04-01,2015-04,메모리 MCP,메모리,세부,8.5,6.6
2015-04-01,2015-04,메모리 낸드,메모리,세부,2.2,-29.1
2015-04-01,2015-04,반도체,반도체 합계,합계,51.6,6.9
2015-04-01,2015-04,시스템 반도체,시스템반도체,대분류,19.8,14.8
2015-05-01,2015-05,개별소자,개별소자,대분류,1.2,-19.5
2015-05-01,2015-05,디스플레이 패널,디스플레이,별도,26.7,-0.4
2015-05-01,2015-05,메모리,메모리,대분류,26.1,-4.0
2015-05-01,2015-05,메모리 D램,메모리,세부,15.9,3.9
2015-05-01,2015-05,메모리 MCP,메모리,세부,8.0,-2.8
2015-05-01,2015-05,메모리 낸드,메모리,세부,2.1,-40.3
2015-05-01,2015-05,반도체,반도체 합계,합계,51.1,4.3
2015-05-01,2015-05,시스템 반도체,시스템반도체,대분류,20.5,23.5
2015-06-01,2015-06,개별소자,개별소자,대분류,1.2,-16.4
2015-06-01,2015-06,디스플레이 패널,디스플레이,별도,25.8,-3.5
2015-06-01,2015-06,메모리,메모리,대분류,28.7,-0.9
2015-06-01,2015-06,메모리 D램,메모리,세부,18.0,13.2
2015-06-01,2015-06,메모리 MCP,메모리,세부,8.3,-6.2
2015-06-01,2015-06,메모리 낸드,메모리,세부,2.3,-43.4
2015-06-01,2015-06,반도체,반도체 합계,합계,53.1,2.9
2015-06-01,2015-06,시스템 반도체,시스템반도체,대분류,19.3,10.8
2015-07-01,2015-07,개별소자,개별소자,대분류,1.3,-12.2
2015-07-01,2015-07,디스플레이 패널,디스플레이,별도,25.6,-0.7
2015-07-01,2015-07,메모리,메모리,대분류,28.2,-1.4
2015-07-01,2015-07,메모리 D램,메모리,세부,16.7,0.3
2015-07-01,2015-07,메모리 MCP,메모리,세부,9.3,11.9
2015-07-01,2015-07,메모리 낸드,메모리,세부,2.2,-39.1
2015-07-01,2015-07,반도체,반도체 합계,합계,51.4,6.2
2015-07-01,2015-07,시스템 반도체,시스템반도체,대분류,17.6,19.7
2015-08-01,2015-08,개별소자,개별소자,대분류,1.3,-11.3
2015-08-01,2015-08,디스플레이 패널,디스플레이,별도,24.9,-2.7
2015-08-01,2015-08,메모리,메모리,대분류,30.2,-1.5
2015-08-01,2015-08,메모리 D램,메모리,세부,15.4,-13.7
2015-08-01,2015-08,메모리 MCP,메모리,세부,12.4,31.5
2015-08-01,2015-08,메모리 낸드,메모리,세부,2.3,-30.6
2015-08-01,2015-08,반도체,반도체 합계,합계,54.5,4.0
2015-08-01,2015-08,시스템 반도체,시스템반도체,대분류,19.1,15.0
2015-09-01,2015-09,개별소자,개별소자,대분류,1.2,-14.2
2015-09-01,2015-09,디스플레이 패널,디스플레이,별도,24.5,-1.8
2015-09-01,2015-09,메모리,메모리,대분류,32.3,4.6
2015-09-01,2015-09,메모리 D램,메모리,세부,15.5,-17.3
2015-09-01,2015-09,메모리 MCP,메모리,세부,14.6,60.9
2015-09-01,2015-09,메모리 낸드,메모리,세부,2.2,-28.3
2015-09-01,2015-09,반도체,반도체 합계,합계,58.6,0.8
2015-09-01,2015-09,시스템 반도체,시스템반도체,대분류,21.1,-3.7
2015-10-01,2015-10,개별소자,개별소자,대분류,1.2,-14.2
2015-10-01,2015-10,디스플레이 패널,디스플레이,별도,25.1,2.4
2015-10-01,2015-10,메모리,메모리,대분류,29.4,-4.6
2015-10-01,2015-10,메모리 D램,메모리,세부,14.7,-20.3
2015-10-01,2015-10,메모리 MCP,메모리,세부,12.6,38.1
2015-10-01,2015-10,메모리 낸드,메모리,세부,2.0,-36.6
2015-10-01,2015-10,반도체,반도체 합계,합계,55.0,-7.5
2015-10-01,2015-10,시스템 반도체,시스템반도체,대분류,20.6,-12.8
2015-11-01,2015-11,개별소자,개별소자,대분류,1.3,0.1
2015-11-01,2015-11,디스플레이 패널,디스플레이,별도,22.0,-12.1
2015-11-01,2015-11,메모리,메모리,대분류,27.5,-13.3
2015-11-01,2015-11,메모리 D램,메모리,세부,13.9,-29.8
2015-11-01,2015-11,메모리 MCP,메모리,세부,11.4,35.5
2015-11-01,2015-11,메모리 낸드,메모리,세부,2.2,-38.0
2015-11-01,2015-11,반도체,반도체 합계,합계,51.9,-9.9
2015-11-01,2015-11,시스템 반도체,시스템반도체,대분류,19.6,-8.5
2015-12-01,2015-12,개별소자,개별소자,대분류,1.2,-7.6
2015-12-01,2015-12,디스플레이 패널,디스플레이,별도,19.9,-9.6
2015-12-01,2015-12,메모리,메모리,대분류,25.8,-16.7
2015-12-01,2015-12,메모리 D램,메모리,세부,13.0,-36.4
2015-12-01,2015-12,메모리 MCP,메모리,세부,10.8,48.2
2015-12-01,2015-12,메모리 낸드,메모리,세부,1.9,-38.2
2015-12-01,2015-12,반도체,반도체 합계,합계,47.9,-17.5
2015-12-01,2015-12,시스템 반도체,시스템반도체,대분류,17.4,-21.0
2016-01-01,2016-01,개별소자,개별소자,대분류,1.2,-8.6
2016-01-01,2016-01,디스플레이 패널,디스플레이,별도,18.2,-31.5
2016-01-01,2016-01,메모리,메모리,대분류,24.8,-12.4
2016-01-01,2016-01,메모리 D램,메모리,세부,13.2,-28.9
2016-01-01,2016-01,메모리 MCP,메모리,세부,9.4,39.1
2016-01-01,2016-01,메모리 낸드,메모리,세부,2.2,-26.0
2016-01-01,2016-01,반도체,반도체 합계,합계,45.3,-14.0
2016-01-01,2016-01,시스템 반도체,시스템반도체,대분류,15.9,-17.1
2016-02-01,2016-02,개별소자,개별소자,대분류,1.0,-2.9
2016-02-01,2016-02,디스플레이 패널,디스플레이,별도,17.6,-23.1
2016-02-01,2016-02,메모리,메모리,대분류,22.6,-15.2
2016-02-01,2016-02,메모리 D램,메모리,세부,12.0,-32.0
2016-02-01,2016-02,메모리 MCP,메모리,세부,8.6,34.8
2016-02-01,2016-02,메모리 낸드,메모리,세부,2.0,-23.9
2016-02-01,2016-02,반도체,반도체 합계,합계,41.5,-12.8
2016-02-01,2016-02,시스템 반도체,시스템반도체,대분류,14.1,-13.7
2016-03-01,2016-03,개별소자,개별소자,대분류,1.3,-2.4
2016-03-01,2016-03,디스플레이 패널,디스플레이,별도,19.6,-25.2
2016-03-01,2016-03,메모리,메모리,대분류,27.4,-1.1
2016-03-01,2016-03,메모리 D램,메모리,세부,14.4,-16.7
2016-03-01,2016-03,메모리 MCP,메모리,세부,10.7,30.5
2016-03-01,2016-03,메모리 낸드,메모리,세부,2.2,5.0
2016-03-01,2016-03,반도체,반도체 합계,합계,52.9,-1.9
2016-03-01,2016-03,시스템 반도체,시스템반도체,대분류,19.5,-6.8
2016-04-01,2016-04,개별소자,개별소자,대분류,1.2,-2.6
2016-04-01,2016-04,디스플레이 패널,디스플레이,별도,19.5,-27.3
2016-04-01,2016-04,메모리,메모리,대분류,24.3,-9.8
2016-04-01,2016-04,메모리 D램,메모리,세부,11.9,-26.1
2016-04-01,2016-04,메모리 MCP,메모리,세부,9.8,15.4
2016-04-01,2016-04,메모리 낸드,메모리,세부,2.5,12.3
2016-04-01,2016-04,반도체,반도체 합계,합계,45.5,-11.8
2016-04-01,2016-04,시스템 반도체,시스템반도체,대분류,16.0,-19.1
2016-05-01,2016-05,개별소자,개별소자,대분류,1.2,5.9
2016-05-01,2016-05,디스플레이 패널,디스플레이,별도,20.2,-24.4
2016-05-01,2016-05,메모리,메모리,대분류,28.0,7.4
2016-05-01,2016-05,메모리 D램,메모리,세부,14.0,-11.9
2016-05-01,2016-05,메모리 MCP,메모리,세부,11.4,43.9
2016-05-01,2016-05,메모리 낸드,메모리,세부,2.5,15.1
2016-05-01,2016-05,반도체,반도체 합계,합계,48.9,-4.4
2016-05-01,2016-05,시스템 반도체,시스템반도체,대분류,15.2,-25.5
2016-06-01,2016-06,개별소자,개별소자,대분류,1.2,2.7
2016-06-01,2016-06,디스플레이 패널,디스플레이,별도,19.3,-25.3
2016-06-01,2016-06,메모리,메모리,대분류,29.3,2.0
2016-06-01,2016-06,메모리 D램,메모리,세부,14.1,-22.0
2016-06-01,2016-06,메모리 MCP,메모리,세부,12.8,53.7
2016-06-01,2016-06,메모리 낸드,메모리,세부,2.3,1.3
2016-06-01,2016-06,반도체,반도체 합계,합계,52.8,-0.5
2016-06-01,2016-06,시스템 반도체,시스템반도체,대분류,17.6,-8.6
2016-07-01,2016-07,개별소자,개별소자,대분류,1.2,-6.2
2016-07-01,2016-07,디스플레이 패널,디스플레이,별도,20.7,-19.2
2016-07-01,2016-07,메모리,메모리,대분류,27.4,-3.0
2016-07-01,2016-07,메모리 D램,메모리,세부,11.7,-29.9
2016-07-01,2016-07,메모리 MCP,메모리,세부,12.7,36.6
2016-07-01,2016-07,메모리 낸드,메모리,세부,2.9,32.0
2016-07-01,2016-07,반도체,반도체 합계,합계,50.0,-2.6
2016-07-01,2016-07,시스템 반도체,시스템반도체,대분류,17.1,-3.2
2016-08-01,2016-08,개별소자,개별소자,대분류,1.3,3.1
2016-08-01,2016-08,디스플레이 패널,디스플레이,별도,23.2,-7.1
2016-08-01,2016-08,메모리,메모리,대분류,31.4,4.0
2016-08-01,2016-08,메모리 D램,메모리,세부,14.0,-9.5
2016-08-01,2016-08,메모리 MCP,메모리,세부,15.1,21.4
2016-08-01,2016-08,메모리 낸드,메모리,세부,2.3,0.5
2016-08-01,2016-08,반도체,반도체 합계,합계,55.9,2.5
2016-08-01,2016-08,시스템 반도체,시스템반도체,대분류,18.8,-1.5
2016-09-01,2016-09,개별소자,개별소자,대분류,1.3,5.2
2016-09-01,2016-09,디스플레이 패널,디스플레이,별도,23.5,-3.8
2016-09-01,2016-09,메모리,메모리,대분류,32.7,1.0
2016-09-01,2016-09,메모리 D램,메모리,세부,14.5,-6.2
2016-09-01,2016-09,메모리 MCP,메모리,세부,15.6,6.9
2016-09-01,2016-09,메모리 낸드,메모리,세부,2.4,12.9
2016-09-01,2016-09,반도체,반도체 합계,합계,57.0,-2.6
2016-09-01,2016-09,시스템 반도체,시스템반도체,대분류,18.6,-11.8
2016-10-01,2016-10,개별소자,개별소자,대분류,1.3,5.4
2016-10-01,2016-10,디스플레이 패널,디스플레이,별도,23.9,-4.7
2016-10-01,2016-10,메모리,메모리,대분류,32.7,11.3
2016-10-01,2016-10,메모리 D램,메모리,세부,15.9,7.8
2016-10-01,2016-10,메모리 MCP,메모리,세부,14.4,14.4
2016-10-01,2016-10,메모리 낸드,메모리,세부,2.3,17.6
2016-10-01,2016-10,반도체,반도체 합계,합계,55.9,1.7
2016-10-01,2016-10,시스템 반도체,시스템반도체,대분류,17.8,-13.8
2016-11-01,2016-11,개별소자,개별소자,대분류,1.3,3.6
2016-11-01,2016-11,디스플레이 패널,디스플레이,별도,22.6,2.4
2016-11-01,2016-11,메모리,메모리,대분류,34.8,26.5
2016-11-01,2016-11,메모리 D램,메모리,세부,15.0,7.9
2016-11-01,2016-11,메모리 MCP,메모리,세부,17.2,51.2
2016-11-01,2016-11,메모리 낸드,메모리,세부,2.5,15.8
2016-11-01,2016-11,반도체,반도체 합계,합계,57.9,11.6
2016-11-01,2016-11,시스템 반도체,시스템반도체,대분류,17.5,-10.9
2016-12-01,2016-12,개별소자,개별소자,대분류,1.3,4.6
2016-12-01,2016-12,디스플레이 패널,디스플레이,별도,22.8,14.5
2016-12-01,2016-12,메모리,메모리,대분류,36.8,42.9
2016-12-01,2016-12,메모리 D램,메모리,세부,16.0,22.8
2016-12-01,2016-12,메모리 MCP,메모리,세부,18.2,68.8
2016-12-01,2016-12,메모리 낸드,메모리,세부,2.6,33.1
2016-12-01,2016-12,반도체,반도체 합계,합계,58.6,22.4
2016-12-01,2016-12,시스템 반도체,시스템반도체,대분류,16.7,-4.2
2017-01-01,2017-01,개별소자,개별소자,대분류,3.9,-15.5
2017-01-01,2017-01,디스플레이 패널,디스플레이,별도,21.9,20.6
2017-01-01,2017-01,메모리,메모리,대분류,40.8,64.6
2017-01-01,2017-01,메모리 D램,메모리,세부,17.6,33.3
2017-01-01,2017-01,메모리 MCP,메모리,세부,11.7,24.9
2017-01-01,2017-01,메모리 낸드,메모리,세부,3.0,34.9
2017-01-01,2017-01,반도체,반도체 합계,합계,63.2,39.5
2017-01-01,2017-01,시스템 반도체,시스템반도체,대분류,18.4,16.1
2017-02-01,2017-02,개별소자,개별소자,대분류,4.2,-11.7
2017-02-01,2017-02,디스플레이 패널,디스플레이,별도,21.2,20.1
2017-02-01,2017-02,메모리,메모리,대분류,41.9,85.1
2017-02-01,2017-02,메모리 D램,메모리,세부,17.7,47.5
2017-02-01,2017-02,메모리 MCP,메모리,세부,12.5,45.2
2017-02-01,2017-02,메모리 낸드,메모리,세부,3.0,50.1
2017-02-01,2017-02,반도체,반도체 합계,합계,64.0,54.1
2017-02-01,2017-02,시스템 반도체,시스템반도체,대분류,17.9,26.6
2017-03-01,2017-03,개별소자,개별소자,대분류,4.7,-21.5
2017-03-01,2017-03,디스플레이 패널,디스플레이,별도,23.4,19.5
2017-03-01,2017-03,메모리,메모리,대분류,49.3,79.5
2017-03-01,2017-03,메모리 D램,메모리,세부,20.0,38.9
2017-03-01,2017-03,메모리 MCP,메모리,세부,16.2,51.1
2017-03-01,2017-03,메모리 낸드,메모리,세부,3.4,50.1
2017-03-01,2017-03,반도체,반도체 합계,합계,74.9,41.7
2017-03-01,2017-03,시스템 반도체,시스템반도체,대분류,20.9,7.6
2017-04-01,2017-04,개별소자,개별소자,대분류,4.5,-14.2
2017-04-01,2017-04,디스플레이 패널,디스플레이,별도,21.5,10.2
2017-04-01,2017-04,메모리,메모리,대분류,47.5,95.6
2017-04-01,2017-04,메모리 D램,메모리,세부,21.8,83.2
2017-04-01,2017-04,메모리 MCP,메모리,세부,13.4,36.8
2017-04-01,2017-04,메모리 낸드,메모리,세부,3.3,32.1
2017-04-01,2017-04,반도체,반도체 합계,합계,71.4,56.8
2017-04-01,2017-04,시스템 반도체,시스템반도체,대분류,19.5,21.3
2017-05-01,2017-05,개별소자,개별소자,대분류,4.5,-20.4
2017-05-01,2017-05,디스플레이 패널,디스플레이,별도,22.8,13.0
2017-05-01,2017-05,메모리,메모리,대분류,49.0,74.9
2017-05-01,2017-05,메모리 D램,메모리,세부,23.5,67.9
2017-05-01,2017-05,메모리 MCP,메모리,세부,14.4,25.7
2017-05-01,2017-05,메모리 낸드,메모리,세부,3.1,23.4
2017-05-01,2017-05,반도체,반도체 합계,합계,75.1,53.6
2017-05-01,2017-05,시스템 반도체,시스템반도체,대분류,21.6,41.9
2017-06-01,2017-06,개별소자,개별소자,대분류,4.8,-19.1
2017-06-01,2017-06,디스플레이 패널,디스플레이,별도,21.2,10.1
2017-06-01,2017-06,메모리,메모리,대분류,55.2,88.3
2017-06-01,2017-06,메모리 D램,메모리,세부,24.2,71.6
2017-06-01,2017-06,메모리 MCP,메모리,세부,19.6,53.3
2017-06-01,2017-06,메모리 낸드,메모리,세부,3.1,30.4
2017-06-01,2017-06,반도체,반도체 합계,합계,80.3,52.0
2017-06-01,2017-06,시스템 반도체,시스템반도체,대분류,20.4,15.5
2017-07-01,2017-07,개별소자,개별소자,대분류,4.4,-20.9
2017-07-01,2017-07,디스플레이 패널,디스플레이,별도,22.0,6.2
2017-07-01,2017-07,메모리,메모리,대분류,51.9,89.4
2017-07-01,2017-07,메모리 D램,메모리,세부,25.4,117.1
2017-07-01,2017-07,메모리 MCP,메모리,세부,16.8,31.7
2017-07-01,2017-07,메모리 낸드,메모리,세부,3.7,28.1
2017-07-01,2017-07,반도체,반도체 합계,합계,78.9,57.7
2017-07-01,2017-07,시스템 반도체,시스템반도체,대분류,22.6,32.7
2017-08-01,2017-08,개별소자,개별소자,대분류,4.7,-15.3
2017-08-01,2017-08,디스플레이 패널,디스플레이,별도,25.6,10.6
2017-08-01,2017-08,메모리,메모리,대분류,60.3,91.8
2017-08-01,2017-08,메모리 D램,메모리,세부,27.2,94.3
2017-08-01,2017-08,메모리 MCP,메모리,세부,19.5,29.3
2017-08-01,2017-08,메모리 낸드,메모리,세부,5.1,119.0
2017-08-01,2017-08,반도체,반도체 합계,합계,87.6,56.7
2017-08-01,2017-08,시스템 반도체,시스템반도체,대분류,22.5,19.5
2017-09-01,2017-09,개별소자,개별소자,대분류,5.1,-12.4
2017-09-01,2017-09,디스플레이 패널,디스플레이,별도,25.9,10.1
2017-09-01,2017-09,메모리,메모리,대분류,66.6,103.8
2017-09-01,2017-09,메모리 D램,메모리,세부,29.1,100.7
2017-09-01,2017-09,메모리 MCP,메모리,세부,24.8,58.9
2017-09-01,2017-09,메모리 낸드,메모리,세부,5.7,134.0
2017-09-01,2017-09,반도체,반도체 합계,합계,96.9,69.9
2017-09-01,2017-09,시스템 반도체,시스템반도체,대분류,25.2,35.8
2017-10-01,2017-10,개별소자,개별소자,대분류,4.3,-21.5
2017-10-01,2017-10,디스플레이 패널,디스플레이,별도,24.9,4.3
2017-10-01,2017-10,메모리,메모리,대분류,69.3,112.1
2017-10-01,2017-10,메모리 D램,메모리,세부,31.1,95.6
2017-10-01,2017-10,메모리 MCP,메모리,세부,26.9,86.9
2017-10-01,2017-10,메모리 낸드,메모리,세부,5.3,126.6
2017-10-01,2017-10,반도체,반도체 합계,합계,94.8,69.6
2017-10-01,2017-10,시스템 반도체,시스템반도체,대분류,21.2,19.5
2017-11-01,2017-11,개별소자,개별소자,대분류,4.4,-22.0
2017-11-01,2017-11,디스플레이 패널,디스플레이,별도,23.1,2.3
2017-11-01,2017-11,메모리,메모리,대분류,68.8,97.7
2017-11-01,2017-11,메모리 D램,메모리,세부,29.9,99.3
2017-11-01,2017-11,메모리 MCP,메모리,세부,27.1,57.3
2017-11-01,2017-11,메모리 낸드,메모리,세부,5.0,96.1
2017-11-01,2017-11,반도체,반도체 합계,합계,95.7,65.2
2017-11-01,2017-11,시스템 반도체,시스템반도체,대분류,22.5,28.6
2017-12-01,2017-12,개별소자,개별소자,대분류,4.6,-10.8
2017-12-01,2017-12,디스플레이 패널,디스플레이,별도,20.2,-11.4
2017-12-01,2017-12,메모리,메모리,대분류,71.1,93.3
2017-12-01,2017-12,메모리 D램,메모리,세부,32.1,100.6
2017-12-01,2017-12,메모리 MCP,메모리,세부,27.1,49.3
2017-12-01,2017-12,메모리 낸드,메모리,세부,5.0,90.9
2017-12-01,2017-12,반도체,반도체 합계,합계,96.7,64.9
2017-12-01,2017-12,시스템 반도체,시스템반도체,대분류,20.9,25.7
2018-01-01,2018-01,개별소자,개별소자,대분류,5.2,34.1
2018-01-01,2018-01,디스플레이 패널,디스플레이,별도,20.2,-7.8
2018-01-01,2018-01,메모리,메모리,대분류,68.5,67.9
2018-01-01,2018-01,메모리 D램,메모리,세부,31.2,77.4
2018-01-01,2018-01,메모리 MCP,메모리,세부,24.8,112.2
2018-01-01,2018-01,메모리 낸드,메모리,세부,5.6,86.3
2018-01-01,2018-01,반도체,반도체 합계,합계,96.8,53.2
2018-01-01,2018-01,시스템 반도체,시스템반도체,대분류,23.1,25.3
2018-02-01,2018-02,개별소자,개별소자,대분류,4.8,13.1
2018-02-01,2018-02,디스플레이 패널,디스플레이,별도,16.4,-22.4
2018-02-01,2018-02,메모리,메모리,대분류,65.4,56.1
2018-02-01,2018-02,메모리 D램,메모리,세부,29.9,68.9
2018-02-01,2018-02,메모리 MCP,메모리,세부,21.8,74.4
2018-02-01,2018-02,메모리 낸드,메모리,세부,6.3,110.3
2018-02-01,2018-02,반도체,반도체 합계,합계,90.0,40.7
2018-02-01,2018-02,시스템 반도체,시스템반도체,대분류,19.9,11.1
2018-03-01,2018-03,개별소자,개별소자,대분류,5.5,16.6
2018-03-01,2018-03,디스플레이 패널,디스플레이,별도,19.6,-16.5
2018-03-01,2018-03,메모리,메모리,대분류,80.4,63.0
2018-03-01,2018-03,메모리 D램,메모리,세부,36.2,81.0
2018-03-01,2018-03,메모리 MCP,메모리,세부,28.1,73.4
2018-03-01,2018-03,메모리 낸드,메모리,세부,7.1,109.1
2018-03-01,2018-03,반도체,반도체 합계,합계,108.0,44.2
2018-03-01,2018-03,시스템 반도체,시스템반도체,대분류,22.2,6.2
2018-04-01,2018-04,개별소자,개별소자,대분류,5.2,15.2
2018-04-01,2018-04,디스플레이 패널,디스플레이,별도,18.0,-16.3
2018-04-01,2018-04,메모리,메모리,대분류,69.9,47.1
2018-04-01,2018-04,메모리 D램,메모리,세부,37.1,70.2
2018-04-01,2018-04,메모리 MCP,메모리,세부,19.6,46.0
2018-04-01,2018-04,메모리 낸드,메모리,세부,5.7,73.1
2018-04-01,2018-04,반도체,반도체 합계,합계,97.8,37.0
2018-04-01,2018-04,시스템 반도체,시스템반도체,대분류,22.7,16.5
2018-05-01,2018-05,개별소자,개별소자,대분류,5.2,14.8
2018-05-01,2018-05,디스플레이 패널,디스플레이,별도,18.1,-21.0
2018-05-01,2018-05,메모리,메모리,대분류,82.1,67.5
2018-05-01,2018-05,메모리 D램,메모리,세부,40.7,73.3
2018-05-01,2018-05,메모리 MCP,메모리,세부,17.3,20.1
2018-05-01,2018-05,메모리 낸드,메모리,세부,7.0,127.3
2018-05-01,2018-05,반도체,반도체 합계,합계,108.4,44.4
2018-05-01,2018-05,시스템 반도체,시스템반도체,대분류,21.2,-1.9
2018-06-01,2018-06,개별소자,개별소자,대분류,5.5,14.1
2018-06-01,2018-06,디스플레이 패널,디스플레이,별도,19.0,-10.5
2018-06-01,2018-06,메모리,메모리,대분류,85.0,54.1
2018-06-01,2018-06,메모리 D램,메모리,세부,41.4,71.2
2018-06-01,2018-06,메모리 MCP,메모리,세부,17.6,-10.3
2018-06-01,2018-06,메모리 낸드,메모리,세부,7.0,126.8
2018-06-01,2018-06,반도체,반도체 합계,합계,111.6,38.9
2018-06-01,2018-06,시스템 반도체,시스템반도체,대분류,21.1,3.2
2018-07-01,2018-07,개별소자,개별소자,대분류,5.4,23.0
2018-07-01,2018-07,디스플레이 패널,디스플레이,별도,22.5,2.4
2018-07-01,2018-07,메모리,메모리,대분류,75.3,45.1
2018-07-01,2018-07,메모리 D램,메모리,세부,38.7,52.3
2018-07-01,2018-07,메모리 MCP,메모리,세부,13.4,-20.1
2018-07-01,2018-07,메모리 낸드,메모리,세부,5.7,54.9
2018-07-01,2018-07,반도체,반도체 합계,합계,103.8,31.6
2018-07-01,2018-07,시스템 반도체,시스템반도체,대분류,23.1,2.2
2018-08-01,2018-08,개별소자,개별소자,대분류,5.5,16.2
2018-08-01,2018-08,디스플레이 패널,디스플레이,별도,26.7,4.2
2018-08-01,2018-08,메모리,메모리,대분류,86.0,42.6
2018-08-01,2018-08,메모리 D램,메모리,세부,41.3,51.8
2018-08-01,2018-08,메모리 MCP,메모리,세부,18.2,-6.5
2018-08-01,2018-08,메모리 낸드,메모리,세부,6.0,16.8
2018-08-01,2018-08,반도체,반도체 합계,합계,115.1,31.4
2018-08-01,2018-08,시스템 반도체,시스템반도체,대분류,23.7,5.4
2018-09-01,2018-09,개별소자,개별소자,대분류,5.2,1.6
2018-09-01,2018-09,디스플레이 패널,디스플레이,별도,22.8,-12.1
2018-09-01,2018-09,메모리,메모리,대분류,96.2,44.5
2018-09-01,2018-09,메모리 D램,메모리,세부,44.9,54.3
2018-09-01,2018-09,메모리 MCP,메모리,세부,20.1,-18.9
2018-09-01,2018-09,메모리 낸드,메모리,세부,7.4,29.7
2018-09-01,2018-09,반도체,반도체 합계,합계,124.3,28.2
2018-09-01,2018-09,시스템 반도체,시스템반도체,대분류,22.9,-9.3
2018-10-01,2018-10,개별소자,개별소자,대분류,5.2,20.2
2018-10-01,2018-10,디스플레이 패널,디스플레이,별도,22.9,-7.9
2018-10-01,2018-10,메모리,메모리,대분류,87.7,26.5
2018-10-01,2018-10,메모리 D램,메모리,세부,42.6,36.9
2018-10-01,2018-10,메모리 MCP,메모리,세부,18.6,-30.8
2018-10-01,2018-10,메모리 낸드,메모리,세부,7.1,34.8
2018-10-01,2018-10,반도체,반도체 합계,합계,115.8,22.2
2018-10-01,2018-10,시스템 반도체,시스템반도체,대분류,23.0,8.4
2018-11-01,2018-11,개별소자,개별소자,대분류,4.7,6.5
2018-11-01,2018-11,디스플레이 패널,디스플레이,별도,20.8,-10.0
2018-11-01,2018-11,메모리,메모리,대분류,80.5,17.0
2018-11-01,2018-11,메모리 D램,메모리,세부,42.0,40.6
2018-11-01,2018-11,메모리 MCP,메모리,세부,18.4,-32.2
2018-11-01,2018-11,메모리 낸드,메모리,세부,6.6,31.1
2018-11-01,2018-11,반도체,반도체 합계,합계,106.8,11.6
2018-11-01,2018-11,시스템 반도체,시스템반도체,대분류,21.7,-3.6
2018-12-01,2018-12,개별소자,개별소자,대분류,4.4,-4.7
2018-12-01,2018-12,디스플레이 패널,디스플레이,별도,19.8,-1.8
2018-12-01,2018-12,메모리,메모리,대분류,63.8,-10.2
2018-12-01,2018-12,메모리 D램,메모리,세부,32.4,0.9
2018-12-01,2018-12,메모리 MCP,메모리,세부,14.5,-46.6
2018-12-01,2018-12,메모리 낸드,메모리,세부,6.2,24.0
2018-12-01,2018-12,반도체,반도체 합계,합계,88.5,-8.5
2018-12-01,2018-12,시스템 반도체,시스템반도체,대분류,20.3,-2.9
2019-01-01,2019-01,개별소자,개별소자,대분류,4.9,-5.8
2019-01-01,2019-01,디스플레이 패널,디스플레이,별도,18.7,-7.5
2019-01-01,2019-01,메모리,메모리,대분류,47.6,-30.4
2019-01-01,2019-01,메모리 D램,메모리,세부,24.3,-22.0
2019-01-01,2019-01,메모리 MCP,메모리,세부,12.5,-49.8
2019-01-01,2019-01,메모리 낸드,메모리,세부,4.1,-26.2
2019-01-01,2019-01,반도체,반도체 합계,합계,74.2,-23.4
2019-01-01,2019-01,시스템 반도체,시스템반도체,대분류,21.6,-6.5
2019-02-01,2019-02,개별소자,개별소자,대분류,3.9,-19.5
2019-02-01,2019-02,디스플레이 패널,디스플레이,별도,14.6,-11.0
2019-02-01,2019-02,메모리,메모리,대분류,45.1,-31.1
2019-02-01,2019-02,메모리 D램,메모리,세부,21.0,-29.9
2019-02-01,2019-02,메모리 MCP,메모리,세부,11.9,-45.6
2019-02-01,2019-02,메모리 낸드,메모리,세부,3.7,-41.2
2019-02-01,2019-02,반도체,반도체 합계,합계,67.7,-24.8
2019-02-01,2019-02,시스템 반도체,시스템반도체,대분류,18.7,-5.9
2019-03-01,2019-03,개별소자,개별소자,대분류,4.7,-15.3
2019-03-01,2019-03,디스플레이 패널,디스플레이,별도,16.4,-16.4
2019-03-01,2019-03,메모리,메모리,대분류,65.4,-18.6
2019-03-01,2019-03,메모리 D램,메모리,세부,29.0,-19.9
2019-03-01,2019-03,메모리 MCP,메모리,세부,19.0,-32.5
2019-03-01,2019-03,메모리 낸드,메모리,세부,5.9,-16.6
2019-03-01,2019-03,반도체,반도체 합계,합계,90.0,-16.6
2019-03-01,2019-03,시스템 반도체,시스템반도체,대분류,20.0,-10.1
2019-04-01,2019-04,개별소자,개별소자,대분류,3.6,-31.0
2019-04-01,2019-04,디스플레이 패널,디스플레이,별도,16.4,-9.2
2019-04-01,2019-04,메모리,메모리,대분류,59.6,-14.7
2019-04-01,2019-04,메모리 D램,메모리,세부,28.0,-24.7
2019-04-01,2019-04,메모리 MCP,메모리,세부,15.9,-18.8
2019-04-01,2019-04,메모리 낸드,메모리,세부,6.7,17.5
2019-04-01,2019-04,반도체,반도체 합계,합계,84.3,-13.8
2019-04-01,2019-04,시스템 반도체,시스템반도체,대분류,21.2,-6.8
2019-05-01,2019-05,개별소자,개별소자,대분류,4.8,-8.2
2019-05-01,2019-05,디스플레이 패널,디스플레이,별도,15.6,-13.4
2019-05-01,2019-05,메모리,메모리,대분류,52.2,-36.4
2019-05-01,2019-05,메모리 D램,메모리,세부,23.6,-42.1
2019-05-01,2019-05,메모리 MCP,메모리,세부,14.6,-15.5
2019-05-01,2019-05,메모리 낸드,메모리,세부,4.7,-32.5
2019-05-01,2019-05,반도체,반도체 합계,합계,75.4,-30.5
2019-05-01,2019-05,시스템 반도체,시스템반도체,대분류,18.4,-13.1
2019-06-01,2019-06,개별소자,개별소자,대분류,4.1,-25.7
2019-06-01,2019-06,디스플레이 패널,디스플레이,별도,15.5,-18.5
2019-06-01,2019-06,메모리,메모리,대분류,58.9,-30.7
2019-06-01,2019-06,메모리 D램,메모리,세부,25.0,-39.6
2019-06-01,2019-06,메모리 MCP,메모리,세부,19.9,13.2
2019-06-01,2019-06,메모리 낸드,메모리,세부,4.4,-37.3
2019-06-01,2019-06,반도체,반도체 합계,합계,83.1,-25.6
2019-06-01,2019-06,시스템 반도체,시스템반도체,대분류,20.0,-5.1
2019-07-01,2019-07,개별소자,개별소자,대분류,4.6,-14.8
2019-07-01,2019-07,디스플레이 패널,디스플레이,별도,18.4,-18.3
2019-07-01,2019-07,메모리,메모리,대분류,47.3,-37.2
2019-07-01,2019-07,메모리 D램,메모리,세부,21.6,-44.1
2019-07-01,2019-07,메모리 MCP,메모리,세부,14.4,7.1
2019-07-01,2019-07,메모리 낸드,메모리,세부,4.9,-13.4
2019-07-01,2019-07,반도체,반도체 합계,합계,74.6,-28.1
2019-07-01,2019-07,시스템 반도체,시스템반도체,대분류,22.7,-1.7
2019-08-01,2019-08,개별소자,개별소자,대분류,4.4,-20.1
2019-08-01,2019-08,디스플레이 패널,디스플레이,별도,20.4,-23.7
2019-08-01,2019-08,메모리,메모리,대분류,52.0,-39.6
2019-08-01,2019-08,메모리 D램,메모리,세부,22.5,-45.5
2019-08-01,2019-08,메모리 MCP,메모리,세부,17.7,-2.9
2019-08-01,2019-08,메모리 낸드,메모리,세부,4.8,-19.5
2019-08-01,2019-08,반도체,반도체 합계,합계,79.8,-30.7
2019-08-01,2019-08,시스템 반도체,시스템반도체,대분류,23.4,-1.3
2019-09-01,2019-09,개별소자,개별소자,대분류,4.3,-17.5
2019-09-01,2019-09,디스플레이 패널,디스플레이,별도,18.9,-17.1
2019-09-01,2019-09,메모리,메모리,대분류,56.4,-41.4
2019-09-01,2019-09,메모리 D램,메모리,세부,23.5,-47.6
2019-09-01,2019-09,메모리 MCP,메모리,세부,19.7,-2.1
2019-09-01,2019-09,메모리 낸드,메모리,세부,4.0,-45.7
2019-09-01,2019-09,반도체,반도체 합계,합계,85.0,-31.6
2019-09-01,2019-09,시스템 반도체,시스템반도체,대분류,24.4,6.4
2019-10-01,2019-10,개별소자,개별소자,대분류,4.3,-17.5
2019-10-01,2019-10,디스플레이 패널,디스플레이,별도,17.8,-22.5
2019-10-01,2019-10,메모리,메모리,대분류,49.8,-43.2
2019-10-01,2019-10,메모리 D램,메모리,세부,22.1,-48.1
2019-10-01,2019-10,메모리 MCP,메모리,세부,16.1,-13.5
2019-10-01,2019-10,메모리 낸드,메모리,세부,5.1,-27.8
2019-10-01,2019-10,반도체,반도체 합계,합계,78.6,-32.1
2019-10-01,2019-10,시스템 반도체,시스템반도체,대분류,24.5,6.6
2019-11-01,2019-11,개별소자,개별소자,대분류,4.1,-13.4
2019-11-01,2019-11,디스플레이 패널,디스플레이,별도,15.9,-23.4
2019-11-01,2019-11,메모리,메모리,대분류,48.4,-39.9
2019-11-01,2019-11,메모리 D램,메모리,세부,21.9,-47.8
2019-11-01,2019-11,메모리 MCP,메모리,세부,15.0,-18.4
2019-11-01,2019-11,메모리 낸드,메모리,세부,4.5,-32.4
2019-11-01,2019-11,반도체,반도체 합계,합계,73.9,-30.8
2019-11-01,2019-11,시스템 반도체,시스템반도체,대분류,21.4,-1.2
2019-12-01,2019-12,개별소자,개별소자,대분류,4.3,-2.8
2019-12-01,2019-12,디스플레이 패널,디스플레이,별도,16.5,-17.0
2019-12-01,2019-12,메모리,메모리,대분류,47.9,-25.0
2019-12-01,2019-12,메모리 D램,메모리,세부,21.1,-34.8
2019-12-01,2019-12,메모리 MCP,메모리,세부,17.7,22.6
2019-12-01,2019-12,메모리 낸드,메모리,세부,3.8,-38.2
2019-12-01,2019-12,반도체,반도체 합계,합계,72.8,-17.7
2019-12-01,2019-12,시스템 반도체,시스템반도체,대분류,20.7,1.7
2020-01-01,2020-01,개별소자,개별소자,대분류,4.0,-19.4
2020-01-01,2020-01,디스플레이 패널,디스플레이,별도,13.7,-26.8
2020-01-01,2020-01,메모리,메모리,대분류,42.6,-10.6
2020-01-01,2020-01,메모리 D램,메모리,세부,19.9,-18.2
2020-01-01,2020-01,메모리 MCP,메모리,세부,13.0,4.0
2020-01-01,2020-01,메모리 낸드,메모리,세부,5.7,37.9
2020-01-01,2020-01,반도체,반도체 합계,합계,71.6,-3.4
2020-01-01,2020-01,시스템 반도체,시스템반도체,대분류,25.1,16.2
2020-02-01,2020-02,개별소자,개별소자,대분류,3.8,-2.5
2020-02-01,2020-02,디스플레이 패널,디스플레이,별도,11.4,-21.8
2020-02-01,2020-02,메모리,메모리,대분류,46.4,2.9
2020-02-01,2020-02,메모리 D램,메모리,세부,21.5,2.5
2020-02-01,2020-02,메모리 MCP,메모리,세부,15.1,27.1
2020-02-01,2020-02,메모리 낸드,메모리,세부,5.0,34.2
2020-02-01,2020-02,반도체,반도체 합계,합계,74.0,9.3
2020-02-01,2020-02,시스템 반도체,시스템반도체,대분류,23.8,27.4
2020-03-01,2020-03,개별소자,개별소자,대분류,4.5,-2.8
2020-03-01,2020-03,디스플레이 패널,디스플레이,별도,14.3,-12.9
2020-03-01,2020-03,메모리,메모리,대분류,56.6,-13.5
2020-03-01,2020-03,메모리 D램,메모리,세부,26.6,-8.4
2020-03-01,2020-03,메모리 MCP,메모리,세부,20.2,6.3
2020-03-01,2020-03,메모리 낸드,메모리,세부,4.9,-17.0
2020-03-01,2020-03,반도체,반도체 합계,합계,87.6,-2.7
2020-03-01,2020-03,시스템 반도체,시스템반도체,대분류,26.5,32.6
2020-04-01,2020-04,개별소자,개별소자,대분류,3.4,-24.8
2020-04-01,2020-04,디스플레이 패널,디스플레이,별도,10.0,-39.1
2020-04-01,2020-04,메모리,메모리,대분류,49.9,-14.9
2020-04-01,2020-04,메모리 D램,메모리,세부,27.3,-2.6
2020-04-01,2020-04,메모리 MCP,메모리,세부,14.4,-9.3
2020-04-01,2020-04,메모리 낸드,메모리,세부,5.3,-20.5
2020-04-01,2020-04,반도체,반도체 합계,합계,71.7,-15.0
2020-04-01,2020-04,시스템 반도체,시스템반도체,대분류,18.5,-13.1
2020-05-01,2020-05,개별소자,개별소자,대분류,3.5,-19.6
2020-05-01,2020-05,디스플레이 패널,디스플레이,별도,11.0,-29.8
2020-05-01,2020-05,메모리,메모리,대분류,57.8,9.8
2020-05-01,2020-05,메모리 D램,메모리,세부,28.4,20.2
2020-05-01,2020-05,메모리 MCP,메모리,세부,21.2,45.1
2020-05-01,2020-05,메모리 낸드,메모리,세부,4.8,1.7
2020-05-01,2020-05,반도체,반도체 합계,합계,80.7,7.0
2020-05-01,2020-05,시스템 반도체,시스템반도체,대분류,19.4,5.3
2020-06-01,2020-06,개별소자,개별소자,대분류,3.9,-5.0
2020-06-01,2020-06,디스플레이 패널,디스플레이,별도,13.0,-16.0
2020-06-01,2020-06,메모리,메모리,대분류,57.7,-2.0
2020-06-01,2020-06,메모리 D램,메모리,세부,29.5,18.1
2020-06-01,2020-06,메모리 MCP,메모리,세부,19.0,-4.3
2020-06-01,2020-06,메모리 낸드,메모리,세부,4.8,9.2
2020-06-01,2020-06,반도체,반도체 합계,합계,83.0,0.0
2020-06-01,2020-06,시스템 반도체,시스템반도체,대분류,21.4,6.9
2020-07-01,2020-07,개별소자,개별소자,대분류,4.6,-1.4
2020-07-01,2020-07,디스플레이 패널,디스플레이,별도,13.2,-28.4
2020-07-01,2020-07,메모리,메모리,대분류,49.7,5.0
2020-07-01,2020-07,메모리 D램,메모리,세부,25.2,16.5
2020-07-01,2020-07,메모리 MCP,메모리,세부,15.7,9.3
2020-07-01,2020-07,메모리 낸드,메모리,세부,4.9,0.4
2020-07-01,2020-07,반도체,반도체 합계,합계,78.8,5.6
2020-07-01,2020-07,시스템 반도체,시스템반도체,대분류,24.6,8.1
2020-08-01,2020-08,개별소자,개별소자,대분류,4.2,-6.3
2020-08-01,2020-08,디스플레이 패널,디스플레이,별도,15.7,-22.8
2020-08-01,2020-08,메모리,메모리,대분류,50.7,-2.3
2020-08-01,2020-08,메모리 D램,메모리,세부,24.3,7.8
2020-08-01,2020-08,메모리 MCP,메모리,세부,17.8,0.4
2020-08-01,2020-08,메모리 낸드,메모리,세부,5.0,4.8
2020-08-01,2020-08,반도체,반도체 합계,합계,82.0,2.8
2020-08-01,2020-08,시스템 반도체,시스템반도체,대분류,27.1,15.9
2020-09-01,2020-09,개별소자,개별소자,대분류,4.7,9.7
2020-09-01,2020-09,디스플레이 패널,디스플레이,별도,18.5,-1.8
2020-09-01,2020-09,메모리,메모리,대분류,61.9,9.8
2020-09-01,2020-09,메모리 D램,메모리,세부,29.3,24.8
2020-09-01,2020-09,메모리 MCP,메모리,세부,22.6,14.6
2020-09-01,2020-09,메모리 낸드,메모리,세부,5.8,45.5
2020-09-01,2020-09,반도체,반도체 합계,합계,95.0,11.8
2020-09-01,2020-09,시스템 반도체,시스템반도체,대분류,28.5,16.8
2020-10-01,2020-10,개별소자,개별소자,대분류,4.3,0.3
2020-10-01,2020-10,디스플레이 패널,디스플레이,별도,18.7,5.2
2020-10-01,2020-10,메모리,메모리,대분류,54.3,9.0
2020-10-01,2020-10,메모리 D램,메모리,세부,25.2,14.2
2020-10-01,2020-10,메모리 MCP,메모리,세부,19.6,21.9
2020-10-01,2020-10,메모리 낸드,메모리,세부,5.1,-0.9
2020-10-01,2020-10,반도체,반도체 합계,합계,86.8,10.4
2020-10-01,2020-10,시스템 반도체,시스템반도체,대분류,28.2,15.0
2020-11-01,2020-11,개별소자,개별소자,대분류,4.3,4.7
2020-11-01,2020-11,디스플레이 패널,디스플레이,별도,19.3,21.4
2020-11-01,2020-11,메모리,메모리,대분류,51.9,7.3
2020-11-01,2020-11,메모리 D램,메모리,세부,23.7,8.4
2020-11-01,2020-11,메모리 MCP,메모리,세부,19.2,27.9
2020-11-01,2020-11,메모리 낸드,메모리,세부,5.0,11.3
2020-11-01,2020-11,반도체,반도체 합계,합계,85.9,16.4
2020-11-01,2020-11,시스템 반도체,시스템반도체,대분류,29.8,39.1
2020-12-01,2020-12,개별소자,개별소자,대분류,4.8,12.3
2020-12-01,2020-12,디스플레이 패널,디스플레이,별도,21.1,27.9
2020-12-01,2020-12,메모리,메모리,대분류,59.9,25.2
2020-12-01,2020-12,메모리 D램,메모리,세부,25.1,19.1
2020-12-01,2020-12,메모리 MCP,메모리,세부,23.9,34.9
2020-12-01,2020-12,메모리 낸드,메모리,세부,6.8,78.8
2020-12-01,2020-12,반도체,반도체 합계,합계,94.6,30.0
2020-12-01,2020-12,시스템 반도체,시스템반도체,대분류,29.9,44.8
2021-01-01,2021-01,개별소자,개별소자,대분류,4.9,21.8
2021-01-01,2021-01,디스플레이 패널,디스플레이,별도,18.1,32.2
2021-01-01,2021-01,메모리,메모리,대분류,53.2,24.8
2021-01-01,2021-01,메모리 D램,메모리,세부,23.8,19.7
2021-01-01,2021-01,메모리 MCP,메모리,세부,20.7,59.5
2021-01-01,2021-01,메모리 낸드,메모리,세부,4.9,-14.2
2021-01-01,2021-01,반도체,반도체 합계,합계,87.1,21.7
2021-01-01,2021-01,시스템 반도체,시스템반도체,대분류,29.1,15.8
2021-02-01,2021-02,개별소자,개별소자,대분류,4.5,19.7
2021-02-01,2021-02,디스플레이 패널,디스플레이,별도,13.6,19.1
2021-02-01,2021-02,메모리,메모리,대분류,52.2,12.5
2021-02-01,2021-02,메모리 D램,메모리,세부,22.7,5.7
2021-02-01,2021-02,메모리 MCP,메모리,세부,21.4,41.9
2021-02-01,2021-02,메모리 낸드,메모리,세부,4.6,-8.1
2021-02-01,2021-02,반도체,반도체 합계,합계,83.7,13.1
2021-02-01,2021-02,시스템 반도체,시스템반도체,대분류,27.0,13.3
2021-03-01,2021-03,개별소자,개별소자,대분류,4.9,7.8
2021-03-01,2021-03,디스플레이 패널,디스플레이,별도,14.1,-1.1
2021-03-01,2021-03,메모리,메모리,대분류,61.2,8.1
2021-03-01,2021-03,메모리 D램,메모리,세부,26.9,1.2
2021-03-01,2021-03,메모리 MCP,메모리,세부,25.4,25.9
2021-03-01,2021-03,메모리 낸드,메모리,세부,4.4,-9.8
2021-03-01,2021-03,반도체,반도체 합계,합계,95.1,8.5
2021-03-01,2021-03,시스템 반도체,시스템반도체,대분류,29.0,9.4
2021-04-01,2021-04,개별소자,개별소자,대분류,4.8,41.2
2021-04-01,2021-04,디스플레이 패널,디스플레이,별도,14.3,43.5
2021-04-01,2021-04,메모리,메모리,대분류,59.3,18.8
2021-04-01,2021-04,메모리 D램,메모리,세부,28.7,5.0
2021-04-01,2021-04,메모리 MCP,메모리,세부,22.0,52.5
2021-04-01,2021-04,메모리 낸드,메모리,세부,4.9,-7.3
2021-04-01,2021-04,반도체,반도체 합계,합계,93.4,30.3
2021-04-01,2021-04,시스템 반도체,시스템반도체,대분류,29.4,58.7
2021-05-01,2021-05,개별소자,개별소자,대분류,4.6,30.7
2021-05-01,2021-05,디스플레이 패널,디스플레이,별도,15.2,38.6
2021-05-01,2021-05,메모리,메모리,대분류,65.7,13.7
2021-05-01,2021-05,메모리 D램,메모리,세부,29.0,2.1
2021-05-01,2021-05,메모리 MCP,메모리,세부,27.3,28.8
2021-05-01,2021-05,메모리 낸드,메모리,세부,5.9,22.4
2021-05-01,2021-05,반도체,반도체 합계,합계,100.4,24.5
2021-05-01,2021-05,시스템 반도체,시스템반도체,대분류,30.2,55.5
2021-06-01,2021-06,개별소자,개별소자,대분류,4.8,22.8
2021-06-01,2021-06,디스플레이 패널,디스플레이,별도,16.7,28.2
2021-06-01,2021-06,메모리,메모리,대분류,75.4,30.8
2021-06-01,2021-06,메모리 D램,메모리,세부,33.7,14.4
2021-06-01,2021-06,메모리 MCP,메모리,세부,32.1,68.9
2021-06-01,2021-06,메모리 낸드,메모리,세부,6.0,24.1
2021-06-01,2021-06,반도체,반도체 합계,합계,111.6,34.4
2021-06-01,2021-06,시스템 반도체,시스템반도체,대분류,31.4,46.5
2021-07-01,2021-07,개별소자,개별소자,대분류,5.1,10.1
2021-07-01,2021-07,디스플레이 패널,디스플레이,별도,18.2,38.0
2021-07-01,2021-07,메모리,메모리,대분류,71.4,43.6
2021-07-01,2021-07,메모리 D램,메모리,세부,35.2,39.6
2021-07-01,2021-07,메모리 MCP,메모리,세부,27.1,72.7
2021-07-01,2021-07,메모리 낸드,메모리,세부,4.9,0.9
2021-07-01,2021-07,반도체,반도체 합계,합계,109.8,39.4
2021-07-01,2021-07,시스템 반도체,시스템반도체,대분류,33.4,35.6
2021-08-01,2021-08,개별소자,개별소자,대분류,5.0,18.8
2021-08-01,2021-08,디스플레이 패널,디스플레이,별도,19.5,23.7
2021-08-01,2021-08,메모리,메모리,대분류,76.4,50.6
2021-08-01,2021-08,메모리 D램,메모리,세부,37.6,54.9
2021-08-01,2021-08,메모리 MCP,메모리,세부,28.2,58.6
2021-08-01,2021-08,메모리 낸드,메모리,세부,5.7,13.2
2021-08-01,2021-08,반도체,반도체 합계,합계,117.0,42.6
2021-08-01,2021-08,시스템 반도체,시스템반도체,대분류,35.6,31.3
2021-09-01,2021-09,개별소자,개별소자,대분류,4.8,1.8
2021-09-01,2021-09,디스플레이 패널,디스플레이,별도,21.7,17.3
2021-09-01,2021-09,메모리,메모리,대분류,79.5,28.5
2021-09-01,2021-09,메모리 D램,메모리,세부,37.8,28.9
2021-09-01,2021-09,메모리 MCP,메모리,세부,30.3,34.2
2021-09-01,2021-09,메모리 낸드,메모리,세부,6.6,13.4
2021-09-01,2021-09,반도체,반도체 합계,합계,121.8,28.2
2021-09-01,2021-09,시스템 반도체,시스템반도체,대분류,37.5,31.5
2021-10-01,2021-10,개별소자,개별소자,대분류,4.9,14.9
2021-10-01,2021-10,디스플레이 패널,디스플레이,별도,19.7,5.3
2021-10-01,2021-10,메모리,메모리,대분류,69.5,28.0
2021-10-01,2021-10,메모리 D램,메모리,세부,35.6,41.3
2021-10-01,2021-10,메모리 MCP,메모리,세부,23.5,20.0
2021-10-01,2021-10,메모리 낸드,메모리,세부,6.3,24.3
2021-10-01,2021-10,반도체,반도체 합계,합계,111.7,28.7
2021-10-01,2021-10,시스템 반도체,시스템반도체,대분류,37.3,32.2
2021-11-01,2021-11,개별소자,개별소자,대분류,4.9,13.5
2021-11-01,2021-11,디스플레이 패널,디스플레이,별도,21.3,10.4
2021-11-01,2021-11,메모리,메모리,대분류,76.4,47.3
2021-11-01,2021-11,메모리 D램,메모리,세부,37.1,56.3
2021-11-01,2021-11,메모리 MCP,메모리,세부,30.2,57.5
2021-11-01,2021-11,메모리 낸드,메모리,세부,6.2,24.2
2021-11-01,2021-11,반도체,반도체 합계,합계,120.4,40.1
2021-11-01,2021-11,시스템 반도체,시스템반도체,대분류,39.1,31.1
2021-12-01,2021-12,개별소자,개별소자,대분류,4.8,0.9
2021-12-01,2021-12,디스플레이 패널,디스플레이,별도,21.5,2.0
2021-12-01,2021-12,메모리,메모리,대분류,84.1,40.3
2021-12-01,2021-12,메모리 D램,메모리,세부,41.3,64.7
2021-12-01,2021-12,메모리 MCP,메모리,세부,31.3,31.2
2021-12-01,2021-12,메모리 낸드,메모리,세부,6.4,-5.9
2021-12-01,2021-12,반도체,반도체 합계,합계,127.8,35.1
2021-12-01,2021-12,시스템 반도체,시스템반도체,대분류,38.9,30.1
2022-01-01,2022-01,개별소자,개별소자,대분류,4.7,-4.7
2022-01-01,2022-01,디스플레이 패널,디스플레이,별도,19.9,10.0
2022-01-01,2022-01,메모리,메모리,대분류,64.8,21.8
2022-01-01,2022-01,메모리 D램,메모리,세부,32.0,34.4
2022-01-01,2022-01,메모리 MCP,메모리,세부,24.1,16.6
2022-01-01,2022-01,메모리 낸드,메모리,세부,5.2,6.6
2022-01-01,2022-01,반도체,반도체 합계,합계,108.2,24.2
2022-01-01,2022-01,시스템 반도체,시스템반도체,대분류,38.7,32.9
2022-02-01,2022-02,개별소자,개별소자,대분류,4.3,-5.0
2022-02-01,2022-02,디스플레이 패널,디스플레이,별도,19.0,39.2
2022-02-01,2022-02,메모리,메모리,대분류,63.3,21.3
2022-02-01,2022-02,메모리 D램,메모리,세부,31.8,40.2
2022-02-01,2022-02,메모리 MCP,메모리,세부,21.1,-1.4
2022-02-01,2022-02,메모리 낸드,메모리,세부,6.3,36.8
2022-02-01,2022-02,반도체,반도체 합계,합계,103.7,23.9
2022-02-01,2022-02,시스템 반도체,시스템반도체,대분류,36.1,33.7
2022-03-01,2022-03,개별소자,개별소자,대분류,4.6,-5.4
2022-03-01,2022-03,디스플레이 패널,디스플레이,별도,20.9,48.4
2022-03-01,2022-03,메모리,메모리,대분류,82.0,34.0
2022-03-01,2022-03,메모리 D램,메모리,세부,38.9,44.4
2022-03-01,2022-03,메모리 MCP,메모리,세부,30.5,20.0
2022-03-01,2022-03,메모리 낸드,메모리,세부,7.5,69.6
2022-03-01,2022-03,반도체,반도체 합계,합계,131.2,37.9
2022-03-01,2022-03,시스템 반도체,시스템반도체,대분류,44.5,53.6
2022-04-01,2022-04,개별소자,개별소자,대분류,4.3,-10.3
2022-04-01,2022-04,디스플레이 패널,디스플레이,별도,17.4,21.9
2022-04-01,2022-04,메모리,메모리,대분류,63.8,7.6
2022-04-01,2022-04,메모리 D램,메모리,세부,32.4,12.7
2022-04-01,2022-04,메모리 MCP,메모리,세부,19.8,-10.1
2022-04-01,2022-04,메모리 낸드,메모리,세부,7.4,51.4
2022-04-01,2022-04,반도체,반도체 합계,합계,108.2,15.8
2022-04-01,2022-04,시스템 반도체,시스템반도체,대분류,40.1,36.3
2022-05-01,2022-05,개별소자,개별소자,대분류,4.4,-4.1
2022-05-01,2022-05,디스플레이 패널,디스플레이,별도,15.2,0.1
2022-05-01,2022-05,메모리,메모리,대분류,72.8,10.8
2022-05-01,2022-05,메모리 D램,메모리,세부,37.1,27.9
2022-05-01,2022-05,메모리 MCP,메모리,세부,24.1,-11.9
2022-05-01,2022-05,메모리 낸드,메모리,세부,8.0,36.2
2022-05-01,2022-05,반도체,반도체 합계,합계,115.4,15.0
2022-05-01,2022-05,시스템 반도체,시스템반도체,대분류,38.3,26.7
2022-06-01,2022-06,개별소자,개별소자,대분류,3.8,-20.2
2022-06-01,2022-06,디스플레이 패널,디스플레이,별도,15.7,-5.9
2022-06-01,2022-06,메모리,메모리,대분류,77.9,3.3
2022-06-01,2022-06,메모리 D램,메모리,세부,38.8,15.0
2022-06-01,2022-06,메모리 MCP,메모리,세부,25.1,-22.0
2022-06-01,2022-06,메모리 낸드,메모리,세부,7.9,31.1
2022-06-01,2022-06,반도체,반도체 합계,합계,123.5,10.7
2022-06-01,2022-06,시스템 반도체,시스템반도체,대분류,41.8,33.1
2022-07-01,2022-07,개별소자,개별소자,대분류,3.5,-31.1
2022-07-01,2022-07,디스플레이 패널,디스플레이,별도,17.7,-2.7
2022-07-01,2022-07,메모리,메모리,대분류,61.7,-13.5
2022-07-01,2022-07,메모리 D램,메모리,세부,32.7,-7.0
2022-07-01,2022-07,메모리 MCP,메모리,세부,18.3,-32.6
2022-07-01,2022-07,메모리 낸드,메모리,세부,7.4,50.6
2022-07-01,2022-07,반도체,반도체 합계,합계,112.1,2.1
2022-07-01,2022-07,시스템 반도체,시스템반도체,대분류,46.9,40.3
2022-08-01,2022-08,개별소자,개별소자,대분류,3.7,-26.1
2022-08-01,2022-08,디스플레이 패널,디스플레이,별도,18.4,-5.7
2022-08-01,2022-08,메모리,메모리,대분류,57.5,-24.7
2022-08-01,2022-08,메모리 D램,메모리,세부,27.9,-25.9
2022-08-01,2022-08,메모리 MCP,메모리,세부,20.8,-26.4
2022-08-01,2022-08,메모리 낸드,메모리,세부,6.2,8.5
2022-08-01,2022-08,반도체,반도체 합계,합계,107.8,-7.8
2022-08-01,2022-08,시스템 반도체,시스템반도체,대분류,46.6,31.0
2022-09-01,2022-09,개별소자,개별소자,대분류,3.7,-23.3
2022-09-01,2022-09,디스플레이 패널,디스플레이,별도,17.4,-19.9
2022-09-01,2022-09,메모리,메모리,대분류,66.2,-16.7
2022-09-01,2022-09,메모리 D램,메모리,세부,31.1,-17.7
2022-09-01,2022-09,메모리 MCP,메모리,세부,24.7,-18.6
2022-09-01,2022-09,메모리 낸드,메모리,세부,6.7,2.0
2022-09-01,2022-09,반도체,반도체 합계,합계,115.0,-5.6
2022-09-01,2022-09,시스템 반도체,시스템반도체,대분류,45.1,20.2
2022-10-01,2022-10,개별소자,개별소자,대분류,3.8,-22.9
2022-10-01,2022-10,디스플레이 패널,디스플레이,별도,18.1,-7.9
2022-10-01,2022-10,메모리,메모리,대분류,44.7,-35.7
2022-10-01,2022-10,메모리 D램,메모리,세부,20.7,-41.9
2022-10-01,2022-10,메모리 MCP,메모리,세부,16.5,-30.0
2022-10-01,2022-10,메모리 낸드,메모리,세부,5.7,-10.0
2022-10-01,2022-10,반도체,반도체 합계,합계,92.3,-17.4
2022-10-01,2022-10,시스템 반도체,시스템반도체,대분류,43.8,17.5
2022-11-01,2022-11,개별소자,개별소자,대분류,3.6,-26.1
2022-11-01,2022-11,디스플레이 패널,디스플레이,별도,18.0,-15.6
2022-11-01,2022-11,메모리,메모리,대분류,38.4,-49.7
2022-11-01,2022-11,메모리 D램,메모리,세부,18.2,-51.1
2022-11-01,2022-11,메모리 MCP,메모리,세부,13.5,-55.4
2022-11-01,2022-11,메모리 낸드,메모리,세부,5.2,-16.6
2022-11-01,2022-11,반도체,반도체 합계,합계,84.3,-29.9
2022-11-01,2022-11,시스템 반도체,시스템반도체,대분류,42.3,8.2
2022-12-01,2022-12,개별소자,개별소자,대분류,3.5,-27.5
2022-12-01,2022-12,디스플레이 패널,디스플레이,별도,13.8,-35.9
2022-12-01,2022-12,메모리,메모리,대분류,44.4,-47.2
2022-12-01,2022-12,메모리 D램,메모리,세부,24.5,-40.7
2022-12-01,2022-12,메모리 MCP,메모리,세부,14.9,-52.5
2022-12-01,2022-12,메모리 낸드,메모리,세부,3.5,-45.8
2022-12-01,2022-12,반도체,반도체 합계,합계,90.6,-29.1
2022-12-01,2022-12,시스템 반도체,시스템반도체,대분류,42.7,9.8
2023-01-01,2023-01,개별소자,개별소자,대분류,3.3,-29.2
2023-01-01,2023-01,디스플레이 패널,디스플레이,별도,12.8,-36.0
2023-01-01,2023-01,메모리,메모리,대분류,27.7,-57.3
2023-01-01,2023-01,메모리 D램,메모리,세부,11.7,-63.6
2023-01-01,2023-01,메모리 MCP,메모리,세부,11.1,-53.9
2023-01-01,2023-01,메모리 낸드,메모리,세부,3.6,-30.3
2023-01-01,2023-01,반도체,반도체 합계,합계,60.0,-44.5
2023-01-01,2023-01,시스템 반도체,시스템반도체,대분류,29.0,-25.0
2023-02-01,2023-02,개별소자,개별소자,대분류,3.5,-17.0
2023-02-01,2023-02,디스플레이 패널,디스플레이,별도,11.2,-41.0
2023-02-01,2023-02,메모리,메모리,대분류,29.2,-53.9
2023-02-01,2023-02,메모리 D램,메모리,세부,12.6,-60.5
2023-02-01,2023-02,메모리 MCP,메모리,세부,10.6,-49.6
2023-02-01,2023-02,메모리 낸드,메모리,세부,4.9,-21.8
2023-02-01,2023-02,반도체,반도체 합계,합계,59.7,-42.5
2023-02-01,2023-02,시스템 반도체,시스템반도체,대분류,26.9,-25.5
2023-03-01,2023-03,개별소자,개별소자,대분류,3.9,-14.9
2023-03-01,2023-03,디스플레이 패널,디스플레이,별도,12.2,-41.6
2023-03-01,2023-03,메모리,메모리,대분류,45.7,-44.3
2023-03-01,2023-03,메모리 D램,메모리,세부,19.6,-49.5
2023-03-01,2023-03,메모리 MCP,메모리,세부,16.2,-47.0
2023-03-01,2023-03,메모리 낸드,메모리,세부,6.4,-14.6
2023-03-01,2023-03,반도체,반도체 합계,합계,86.0,-34.5
2023-03-01,2023-03,시스템 반도체,시스템반도체,대분류,36.3,-18.4
2023-04-01,2023-04,개별소자,개별소자,대분류,3.3,-23.4
2023-04-01,2023-04,디스플레이 패널,디스플레이,별도,12.3,-29.3
2023-04-01,2023-04,메모리,메모리,대분류,29.3,-54.1
2023-04-01,2023-04,메모리 D램,메모리,세부,14.7,-54.5
2023-04-01,2023-04,메모리 MCP,메모리,세부,9.8,-50.3
2023-04-01,2023-04,메모리 낸드,메모리,세부,3.5,-52.5
2023-04-01,2023-04,반도체,반도체 합계,합계,63.8,-41.0
2023-04-01,2023-04,시스템 반도체,시스템반도체,대분류,31.2,-22.1
2023-05-01,2023-05,개별소자,개별소자,대분류,3.2,-28.4
2023-05-01,2023-05,디스플레이 패널,디스플레이,별도,14.1,-7.4
2023-05-01,2023-05,메모리,메모리,대분류,34.1,-53.1
2023-05-01,2023-05,메모리 D램,메모리,세부,15.8,-57.4
2023-05-01,2023-05,메모리 MCP,메모리,세부,12.7,-47.1
2023-05-01,2023-05,메모리 낸드,메모리,세부,3.7,-53.9
2023-05-01,2023-05,반도체,반도체 합계,합계,73.7,-36.2
2023-05-01,2023-05,시스템 반도체,시스템반도체,대분류,36.4,-4.9
2023-06-01,2023-06,개별소자,개별소자,대분류,3.5,-8.7
2023-06-01,2023-06,디스플레이 패널,디스플레이,별도,14.0,-11.1
2023-06-01,2023-06,메모리,메모리,대분류,47.7,-38.8
2023-06-01,2023-06,메모리 D램,메모리,세부,19.0,-51.0
2023-06-01,2023-06,메모리 MCP,메모리,세부,21.4,-14.5
2023-06-01,2023-06,메모리 낸드,메모리,세부,4.7,-40.3
2023-06-01,2023-06,반도체,반도체 합계,합계,89.0,-28.0
2023-06-01,2023-06,시스템 반도체,시스템반도체,대분류,37.8,-9.6
2023-07-01,2023-07,개별소자,개별소자,대분류,3.7,6.5
2023-07-01,2023-07,디스플레이 패널,디스플레이,별도,16.9,-4.6
2023-07-01,2023-07,메모리,메모리,대분류,36.0,-41.7
2023-07-01,2023-07,메모리 D램,메모리,세부,16.9,-48.3
2023-07-01,2023-07,메모리 MCP,메모리,세부,14.3,-21.9
2023-07-01,2023-07,메모리 낸드,메모리,세부,3.6,-51.9
2023-07-01,2023-07,반도체,반도체 합계,합계,74.4,-33.6
2023-07-01,2023-07,시스템 반도체,시스템반도체,대분류,34.7,-26.0
2023-08-01,2023-08,개별소자,개별소자,대분류,3.4,-7.0
2023-08-01,2023-08,디스플레이 패널,디스플레이,별도,19.1,4.1
2023-08-01,2023-08,메모리,메모리,대분류,42.5,-26.1
2023-08-01,2023-08,메모리 D램,메모리,세부,18.1,-35.2
2023-08-01,2023-08,메모리 MCP,메모리,세부,16.7,-19.6
2023-08-01,2023-08,메모리 낸드,메모리,세부,5.6,-8.9
2023-08-01,2023-08,반도체,반도체 합계,합계,85.6,-20.6
2023-08-01,2023-08,시스템 반도체,시스템반도체,대분류,39.7,-14.9
2023-09-01,2023-09,개별소자,개별소자,대분류,3.5,-5.1
2023-09-01,2023-09,디스플레이 패널,디스플레이,별도,18.1,4.0
2023-09-01,2023-09,메모리,메모리,대분류,54.3,-18.0
2023-09-01,2023-09,메모리 D램,메모리,세부,23.4,-24.6
2023-09-01,2023-09,메모리 MCP,메모리,세부,20.7,-15.9
2023-09-01,2023-09,메모리 낸드,메모리,세부,7.1,5.6
2023-09-01,2023-09,반도체,반도체 합계,합계,99.4,-13.6
2023-09-01,2023-09,시스템 반도체,시스템반도체,대분류,41.6,-7.7
2023-10-01,2023-10,개별소자,개별소자,대분류,3.7,-2.1
2023-10-01,2023-10,디스플레이 패널,디스플레이,별도,20.9,15.5
2023-10-01,2023-10,메모리,메모리,대분류,45.1,1.0
2023-10-01,2023-10,메모리 D램,메모리,세부,19.0,-8.1
2023-10-01,2023-10,메모리 MCP,메모리,세부,18.5,12.2
2023-10-01,2023-10,메모리 낸드,메모리,세부,5.6,-0.6
2023-10-01,2023-10,반도체,반도체 합계,합계,89.4,-3.1
2023-10-01,2023-10,시스템 반도체,시스템반도체,대분류,40.6,-7.4
2023-11-01,2023-11,개별소자,개별소자,대분류,3.9,8.7
2023-11-01,2023-11,디스플레이 패널,디스플레이,별도,19.0,5.9
2023-11-01,2023-11,메모리,메모리,대분류,52.4,36.4
2023-11-01,2023-11,메모리 D램,메모리,세부,23.2,27.8
2023-11-01,2023-11,메모리 MCP,메모리,세부,20.2,49.6
2023-11-01,2023-11,메모리 낸드,메모리,세부,5.8,11.6
2023-11-01,2023-11,반도체,반도체 합계,합계,95.2,12.9
2023-11-01,2023-11,시스템 반도체,시스템반도체,대분류,38.9,-8.1
2023-12-01,2023-12,개별소자,개별소자,대분류,3.7,5.7
2023-12-01,2023-12,디스플레이 패널,디스플레이,별도,15.3,10.9
2023-12-01,2023-12,메모리,메모리,대분류,69.9,57.5
2023-12-01,2023-12,메모리 D램,메모리,세부,31.2,27.5
2023-12-01,2023-12,메모리 MCP,메모리,세부,25.2,69.9
2023-12-01,2023-12,메모리 낸드,메모리,세부,6.2,79.9
2023-12-01,2023-12,반도체,반도체 합계,합계,110.3,21.8
2023-12-01,2023-12,시스템 반도체,시스템반도체,대분류,36.8,-14.0
2024-01-01,2024-01,개별소자,개별소자,대분류,4.6,39.4
2024-01-01,2024-01,디스플레이 패널,디스플레이,별도,13.0,2.1
2024-01-01,2024-01,메모리,메모리,대분류,52.7,90.5
2024-01-01,2024-01,메모리 D램,메모리,세부,21.4,83.7
2024-01-01,2024-01,메모리 MCP,메모리,세부,19.6,76.4
2024-01-01,2024-01,메모리 낸드,메모리,세부,8.6,135.5
2024-01-01,2024-01,반도체,반도체 합계,합계,93.7,56.2
2024-01-01,2024-01,시스템 반도체,시스템반도체,대분류,36.4,25.4
2024-02-01,2024-02,개별소자,개별소자,대분류,4.4,25.2
2024-02-01,2024-02,디스플레이 패널,디스플레이,별도,13.5,20.2
2024-02-01,2024-02,메모리,메모리,대분류,60.8,108.1
2024-02-01,2024-02,메모리 D램,메모리,세부,23.9,90.4
2024-02-01,2024-02,메모리 MCP,메모리,세부,23.1,117.1
2024-02-01,2024-02,메모리 낸드,메모리,세부,8.9,80.7
2024-02-01,2024-02,반도체,반도체 합계,합계,99.5,66.7
2024-02-01,2024-02,시스템 반도체,시스템반도체,대분류,34.2,27.2
2024-03-01,2024-03,개별소자,개별소자,대분류,4.2,7.4
2024-03-01,2024-03,디스플레이 패널,디스플레이,별도,14.2,16.1
2024-03-01,2024-03,메모리,메모리,대분류,74.5,63.0
2024-03-01,2024-03,메모리 D램,메모리,세부,33.1,68.8
2024-03-01,2024-03,메모리 MCP,메모리,세부,27.3,69.0
2024-03-01,2024-03,메모리 낸드,메모리,세부,8.2,28.2
2024-03-01,2024-03,반도체,반도체 합계,합계,116.7,35.7
2024-03-01,2024-03,시스템 반도체,시스템반도체,대분류,38.0,4.6
2024-04-01,2024-04,개별소자,개별소자,대분류,4.4,32.0
2024-04-01,2024-04,디스플레이 패널,디스플레이,별도,14.3,16.3
2024-04-01,2024-04,메모리,메모리,대분류,58.2,98.7
2024-04-01,2024-04,메모리 D램,메모리,세부,25.2,71.1
2024-04-01,2024-04,메모리 MCP,메모리,세부,21.6,119.6
2024-04-01,2024-04,메모리 낸드,메모리,세부,6.2,74.6
2024-04-01,2024-04,반도체,반도체 합계,합계,99.6,56.1
2024-04-01,2024-04,시스템 반도체,시스템반도체,대분류,37.0,18.5
2024-05-01,2024-05,개별소자,개별소자,대분류,4.3,36.9
2024-05-01,2024-05,디스플레이 패널,디스플레이,별도,16.3,15.8
2024-05-01,2024-05,메모리,메모리,대분류,68.6,101.0
2024-05-01,2024-05,메모리 D램,메모리,세부,29.1,84.3
2024-05-01,2024-05,메모리 MCP,메모리,세부,27.0,112.1
2024-05-01,2024-05,메모리 낸드,메모리,세부,6.9,85.1
2024-05-01,2024-05,반도체,반도체 합계,합계,113.8,54.5
2024-05-01,2024-05,시스템 반도체,시스템반도체,대분류,40.9,12.3
2024-06-01,2024-06,개별소자,개별소자,대분류,4.6,30.4
2024-06-01,2024-06,디스플레이 패널,디스플레이,별도,17.6,26.0
2024-06-01,2024-06,메모리,메모리,대분류,88.3,85.2
2024-06-01,2024-06,메모리 D램,메모리,세부,36.7,93.5
2024-06-01,2024-06,메모리 MCP,메모리,세부,37.4,74.7
2024-06-01,2024-06,메모리 낸드,메모리,세부,6.8,44.5
2024-06-01,2024-06,반도체,반도체 합계,합계,134.2,50.9
2024-06-01,2024-06,시스템 반도체,시스템반도체,대분류,41.4,9.5
2024-07-01,2024-07,개별소자,개별소자,대분류,4.8,27.4
2024-07-01,2024-07,디스플레이 패널,디스플레이,별도,17.3,2.4
2024-07-01,2024-07,메모리,메모리,대분류,68.0,89.0
2024-07-01,2024-07,메모리 D램,메모리,세부,29.8,76.5
2024-07-01,2024-07,메모리 MCP,메모리,세부,29.8,108.9
2024-07-01,2024-07,메모리 낸드,메모리,세부,5.4,51.0
2024-07-01,2024-07,반도체,반도체 합계,합계,111.8,50.2
2024-07-01,2024-07,시스템 반도체,시스템반도체,대분류,39.0,12.5
2024-08-01,2024-08,개별소자,개별소자,대분류,5.1,48.2
2024-08-01,2024-08,디스플레이 패널,디스플레이,별도,18.2,-4.9
2024-08-01,2024-08,메모리,메모리,대분류,72.9,71.7
2024-08-01,2024-08,메모리 D램,메모리,세부,31.0,71.5
2024-08-01,2024-08,메모리 MCP,메모리,세부,33.5,100.4
2024-08-01,2024-08,메모리 낸드,메모리,세부,3.9,-31.1
2024-08-01,2024-08,반도체,반도체 합계,합계,118.8,38.8
2024-08-01,2024-08,시스템 반도체,시스템반도체,대분류,40.8,2.7
2024-09-01,2024-09,개별소자,개별소자,대분류,5.3,50.9
2024-09-01,2024-09,디스플레이 패널,디스플레이,별도,17.3,-4.3
2024-09-01,2024-09,메모리,메모리,대분류,87.2,60.7
2024-09-01,2024-09,메모리 D램,메모리,세부,36.8,57.1
2024-09-01,2024-09,메모리 MCP,메모리,세부,38.0,83.3
2024-09-01,2024-09,메모리 낸드,메모리,세부,6.3,-11.8
2024-09-01,2024-09,반도체,반도체 합계,합계,136.2,37.1
2024-09-01,2024-09,시스템 반도체,시스템반도체,대분류,43.7,5.2
2024-10-01,2024-10,개별소자,개별소자,대분류,5.6,50.9
2024-10-01,2024-10,디스플레이 패널,디스플레이,별도,16.2,-22.7
2024-10-01,2024-10,메모리,메모리,대분류,73.9,63.9
2024-10-01,2024-10,메모리 D램,메모리,세부,30.9,62.3
2024-10-01,2024-10,메모리 MCP,메모리,세부,34.8,88.7
2024-10-01,2024-10,메모리 낸드,메모리,세부,4.4,-21.8
2024-10-01,2024-10,반도체,반도체 합계,합계,125.4,40.3
2024-10-01,2024-10,시스템 반도체,시스템반도체,대분류,45.9,13.1
2024-11-01,2024-11,개별소자,개별소자,대분류,5.3,34.1
2024-11-01,2024-11,디스플레이 패널,디스플레이,별도,14.9,-22.0
2024-11-01,2024-11,메모리,메모리,대분류,79.6,52.0
2024-11-01,2024-11,메모리 D램,메모리,세부,33.5,44.2
2024-11-01,2024-11,메모리 MCP,메모리,세부,35.9,78.0
2024-11-01,2024-11,메모리 낸드,메모리,세부,4.8,-17.0
2024-11-01,2024-11,반도체,반도체 합계,합계,124.5,30.8
2024-11-01,2024-11,시스템 반도체,시스템반도체,대분류,39.6,1.9
2024-12-01,2024-12,개별소자,개별소자,대분류,4.9,33.6
2024-12-01,2024-12,디스플레이 패널,디스플레이,별도,14.8,-3.3
2024-12-01,2024-12,메모리,메모리,대분류,98.0,40.3
2024-12-01,2024-12,메모리 D램,메모리,세부,44.6,42.6
2024-12-01,2024-12,메모리 MCP,메모리,세부,43.3,71.6
2024-12-01,2024-12,메모리 낸드,메모리,세부,6.1,-1.7
2024-12-01,2024-12,반도체,반도체 합계,합계,145.0,31.5
2024-12-01,2024-12,시스템 반도체,시스템반도체,대분류,42.1,14.5
2025-01-01,2025-01,개별소자,개별소자,대분류,4.4,-3.9
2025-01-01,2025-01,디스플레이 패널,디스플레이,별도,10.9,-16.0
2025-01-01,2025-01,메모리,메모리,대분류,61.8,17.3
2025-01-01,2025-01,메모리 D램,메모리,세부,32.5,51.9
2025-01-01,2025-01,메모리 MCP,메모리,세부,22.4,14.1
2025-01-01,2025-01,메모리 낸드,메모리,세부,3.1,-64.3
2025-01-01,2025-01,반도체,반도체 합계,합계,101.3,8.1
2025-01-01,2025-01,시스템 반도체,시스템반도체,대분류,35.1,-3.6
2025-02-01,2025-02,개별소자,개별소자,대분류,4.4,0.5
2025-02-01,2025-02,디스플레이 패널,디스플레이,별도,12.7,-5.8
2025-02-01,2025-02,메모리,메모리,대분류,58.1,-4.4
2025-02-01,2025-02,메모리 D램,메모리,세부,27.7,15.9
2025-02-01,2025-02,메모리 MCP,메모리,세부,22.9,-1.0
2025-02-01,2025-02,메모리 낸드,메모리,세부,2.9,-67.0
2025-02-01,2025-02,반도체,반도체 합계,합계,96.5,-3.0
2025-02-01,2025-02,시스템 반도체,시스템반도체,대분류,33.9,-0.8
2025-03-01,2025-03,개별소자,개별소자,대분류,4.7,11.4
2025-03-01,2025-03,디스플레이 패널,디스플레이,별도,14.6,2.9
2025-03-01,2025-03,메모리,메모리,대분류,88.2,18.4
2025-03-01,2025-03,메모리 D램,메모리,세부,42.3,27.9
2025-03-01,2025-03,메모리 MCP,메모리,세부,36.7,34.2
2025-03-01,2025-03,메모리 낸드,메모리,세부,5.3,-35.7
2025-03-01,2025-03,반도체,반도체 합계,합계,130.6,11.9
2025-03-01,2025-03,시스템 반도체,시스템반도체,대분류,37.7,-0.8
2025-04-01,2025-04,개별소자,개별소자,대분류,5.1,15.5
2025-04-01,2025-04,디스플레이 패널,디스플레이,별도,13.2,-7.7
2025-04-01,2025-04,메모리,메모리,대분류,71.3,22.6
2025-04-01,2025-04,메모리 D램,메모리,세부,34.8,38.0
2025-04-01,2025-04,메모리 MCP,메모리,세부,28.5,31.8
2025-04-01,2025-04,메모리 낸드,메모리,세부,4.3,-30.6
2025-04-01,2025-04,반도체,반도체 합계,합계,116.6,17.1
2025-04-01,2025-04,시스템 반도체,시스템반도체,대분류,40.2,8.7
2025-05-01,2025-05,개별소자,개별소자,대분류,5.0,15.3
2025-05-01,2025-05,디스플레이 패널,디스플레이,별도,13.4,-17.9
2025-05-01,2025-05,메모리,메모리,대분류,90.6,32.0
2025-05-01,2025-05,메모리 D램,메모리,세부,39.6,36.2
2025-05-01,2025-05,메모리 MCP,메모리,세부,40.1,48.4
2025-05-01,2025-05,메모리 낸드,메모리,세부,5.6,-18.7
2025-05-01,2025-05,반도체,반도체 합계,합계,137.9,21.2
2025-05-01,2025-05,시스템 반도체,시스템반도체,대분류,42.4,3.7
2025-06-01,2025-06,개별소자,개별소자,대분류,4.8,4.6
2025-06-01,2025-06,디스플레이 패널,디스플레이,별도,11.3,-36.1
2025-06-01,2025-06,메모리,메모리,대분류,104.4,18.3
2025-06-01,2025-06,메모리 D램,메모리,세부,45.1,22.8
2025-06-01,2025-06,메모리 MCP,메모리,세부,46.9,25.3
2025-06-01,2025-06,메모리 낸드,메모리,세부,6.2,-8.7
2025-06-01,2025-06,반도체,반도체 합계,합계,149.6,11.5
2025-06-01,2025-06,시스템 반도체,시스템반도체,대분류,40.4,-2.5
2025-07-01,2025-07,개별소자,개별소자,대분류,4.9,3.1
2025-07-01,2025-07,디스플레이 패널,디스플레이,별도,15.7,-9.0
2025-07-01,2025-07,메모리,메모리,대분류,94.7,39.2
2025-07-01,2025-07,메모리 D램,메모리,세부,42.9,44.1
2025-07-01,2025-07,메모리 MCP,메모리,세부,42.0,40.8
2025-07-01,2025-07,메모리 낸드,메모리,세부,4.6,-14.4
2025-07-01,2025-07,반도체,반도체 합계,합계,147.1,31.5
2025-07-01,2025-07,시스템 반도체,시스템반도체,대분류,47.5,21.7
2025-08-01,2025-08,개별소자,개별소자,대분류,4.8,-6.3
2025-08-01,2025-08,디스플레이 패널,디스플레이,별도,16.5,-9.2
2025-08-01,2025-08,메모리,메모리,대분류,104.9,43.9
2025-08-01,2025-08,메모리 D램,메모리,세부,46.0,48.5
2025-08-01,2025-08,메모리 MCP,메모리,세부,46.0,37.4
2025-08-01,2025-08,메모리 낸드,메모리,세부,6.5,65.4
2025-08-01,2025-08,반도체,반도체 합계,합계,151.0,27.1
2025-08-01,2025-08,시스템 반도체,시스템반도체,대분류,41.3,1.1
2025-09-01,2025-09,개별소자,개별소자,대분류,5.3,0.8
2025-09-01,2025-09,디스플레이 패널,디스플레이,별도,17.5,0.9
2025-09-01,2025-09,메모리,메모리,대분류,117.9,35.2
2025-09-01,2025-09,메모리 D램,메모리,세부,51.0,38.6
2025-09-01,2025-09,메모리 MCP,메모리,세부,52.3,37.7
2025-09-01,2025-09,메모리 낸드,메모리,세부,7.1,12.2
2025-09-01,2025-09,반도체,반도체 합계,합계,166.2,22.0
2025-09-01,2025-09,시스템 반도체,시스템반도체,대분류,43.0,-1.7
2025-10-01,2025-10,개별소자,개별소자,대분류,5.1,-9.3
2025-10-01,2025-10,디스플레이 패널,디스플레이,별도,14.8,-8.7
2025-10-01,2025-10,메모리,메모리,대분류,108.9,47.3
2025-10-01,2025-10,메모리 D램,메모리,세부,48.6,57.2
2025-10-01,2025-10,메모리 MCP,메모리,세부,47.2,35.6
2025-10-01,2025-10,메모리 낸드,메모리,세부,6.7,53.0
2025-10-01,2025-10,반도체,반도체 합계,합계,157.0,25.2
2025-10-01,2025-10,시스템 반도체,시스템반도체,대분류,43.0,-6.2
2025-11-01,2025-11,개별소자,개별소자,대분류,6.7,26.2
2025-11-01,2025-11,디스플레이 패널,디스플레이,별도,14.4,-2.9
2025-11-01,2025-11,메모리,메모리,대분류,127.8,60.6
2025-11-01,2025-11,메모리 D램,메모리,세부,62.2,85.7
2025-11-01,2025-11,메모리 MCP,메모리,세부,46.8,30.2
2025-11-01,2025-11,메모리 낸드,메모리,세부,11.0,129.4
2025-11-01,2025-11,반도체,반도체 합계,합계,172.6,38.6
2025-11-01,2025-11,시스템 반도체,시스템반도체,대분류,38.1,-3.9
2025-12-01,2025-12,개별소자,개별소자,대분류,5.5,11.2
2025-12-01,2025-12,디스플레이 패널,디스플레이,별도,14.9,0.8
2025-12-01,2025-12,메모리,메모리,대분류,161.3,64.6
2025-12-01,2025-12,메모리 D램,메모리,세부,76.5,71.4
2025-12-01,2025-12,메모리 MCP,메모리,세부,61.6,42.3
2025-12-01,2025-12,메모리 낸드,메모리,세부,12.8,109.2
2025-12-01,2025-12,반도체,반도체 합계,합계,207.7,43.2
2025-12-01,2025-12,시스템 반도체,시스템반도체,대분류,41.0,-2.7
